package,commit_sha,ubuntu_2404_version,ubuntu_2604_version,ubuntu_2404_apt_version_at_check,_apt_fetch_error,ubuntu_component,ubuntu_2404_patch_method,patch_marker_found,_marker_quality,_debian_query_attempted,debian_cve_statuses,cve_assigned,cve_ids,usn_published,usn_ids,ubuntu_2404_actually_patched,vuln_confirmed,severity,poc_sketch,poc_reproduction_steps,backport_feasibility,maintenance_gap_type,_review_flags,upstream_commit,upstream_2404_tag_url,ubuntu_changelog_changelogs_org,ubuntu_changelog_package_overview,first_cve_page,first_usn_page,upstream_issue_search,q1_upstream_commit,q2_upstream_source,q3_ubuntu_changelog
libarchive-dev,6f9adc5d5c1a3cf7737d52f40dc2f74500e7d55c,3.7.2-2,3.8.5-1ubuntu2,3.7.2-2ubuntu0.6,,main,none,False,post_fix_only,True,"{""_error"": ""non_json_response"", ""_content_type"": ""text/html; charset=UTF-8""}",False,[],False,[],False,True,LOW,An attacker can cause a denial of service (memory exhaustion) by repeatedly calling the archive write API to add directory entries to a shar archive.,"[""Step 1: Write a C program using libarchive that creates a new archive with archive_write_new() and sets the format to shar using archive_write_set_format_shar()."", ""Step 2: Open a loop that iterates several thousand times, creating a new archive_entry for a unique directory path (e.g., /tmp/dir1, /tmp/dir2, etc.)."", ""Step 3: Call archive_write_header() for each created entry within the loop, then free the individual entry."", ""Step 4: Compile and run the program under Valgrind or monitor the process's memory usage via top/system-monitor."", ""Step 5: Observe that memory usage continuously grows (or Valgrind reports 'definitely lost' memory blocks corresponding to the number of directory headers written), confirming the leak.""]",Trivial,Trigger_Gap,"[""MARKER_POST_FIX_ONLY""]",https://github.com/libarchive/libarchive/commit/6f9adc5d5c1a3cf7737d52f40dc2f74500e7d55c,https://github.com/libarchive/libarchive/tree/v3.7.2,https://changelogs.ubuntu.com/changelogs/pool/main/liba/libarchive/libarchive_3.7.2-2ubuntu0.6/changelog,https://launchpad.net/ubuntu/+source/libarchive/+changelog,,,https://github.com/libarchive/libarchive/issues?q=#2829,https://github.com/libarchive/libarchive/commit/6f9adc5d5c1a3cf7737d52f40dc2f74500e7d55c,https://github.com/libarchive/libarchive/blob/v3.7.2/libarchive/archive_write_set_format_shar.c,https://changelogs.ubuntu.com/changelogs/pool/main/liba/libarchive/libarchive_3.7.2-2ubuntu0.6/changelog
libarchive-dev,c8ea1e5da2a6ab54935aa5659a6eb569840a0704,3.7.2-2,3.8.5-1ubuntu2,3.7.2-2ubuntu0.6,,main,not_present,False,shared_context,True,"{""_error"": ""non_json_response"", ""_content_type"": ""text/html; charset=UTF-8""}",False,[],False,[],False,True,MEDIUM,"Set LIBARCHIVE_WRITER_OPTIONS or LIBARCHIVE_READER_OPTIONS environment variable and invoke bsdtar create/extract; the IGNORE_WRONG_MODULE_NAME prefix is destroyed, causing options for non-existent modules to be processed or error unpredictably","[""Step 1: Set the environment variable: export LIBARCHIVE_WRITER_OPTIONS='gzip:compression-level=9' (or any module-specific option string)"", ""Step 2: Run bsdtar to create an archive without the gzip filter: bsdtar -cf /tmp/test.tar somefile.txt (using default, non-gzip format)"", ""Step 3: Observe that instead of silently ignoring the gzip option (as the IGNORE_WRONG_MODULE_NAME prefix should enable), bsdtar either errors out on the unrecognized module option or processes it incorrectly — the magic prefix at p[0..module_len-1] has been overwritten by the second memcpy(p, writer_options, opt_len) at line 158"", ""Step 4: Optionally confirm with a debugger: break on set_writer_options, inspect p after both memcpy calls — p will contain only writer_options without the prepended magic string"", ""Step 5: For the reader path, similarly set LIBARCHIVE_READER_OPTIONS and run bsdtar -tf on any archive to trigger set_reader_options with the same overwrite bug at line 191""]",Trivial,Trigger_Gap,[],https://github.com/libarchive/libarchive/commit/c8ea1e5da2a6ab54935aa5659a6eb569840a0704,https://github.com/libarchive/libarchive/tree/v3.7.2,https://changelogs.ubuntu.com/changelogs/pool/main/liba/libarchive/libarchive_3.7.2-2ubuntu0.6/changelog,https://launchpad.net/ubuntu/+source/libarchive/+changelog,,,https://github.com/libarchive/libarchive/issues?q=#2813,https://github.com/libarchive/libarchive/commit/c8ea1e5da2a6ab54935aa5659a6eb569840a0704,https://github.com/libarchive/libarchive/blob/v3.7.2/tar/write.c,https://changelogs.ubuntu.com/changelogs/pool/main/liba/libarchive/libarchive_3.7.2-2ubuntu0.6/changelog
libarchive-dev,82b57a9740aa6d084edcf4592a3b8e49f63dec98,3.7.2-2,3.8.5-1ubuntu2,3.7.2-2ubuntu0.6,,main,not_present,False,pre_fix_code,True,"{""_error"": ""non_json_response"", ""_content_type"": ""text/html; charset=UTF-8""}",False,[],False,[],False,True,HIGH,"Craft a malformed LHA archive where the header buffer pointer p does not have sufficient bounds to safely access p[H_LEVEL_OFFSET], triggering an OOB read during archive_read_format_lha_read_header.","[""Step 1: Create a minimal valid LHA archive header (level 0 or 1 format) using a hex editor or Python script, ensuring the header is truncated or the buffer pointer 'p' at the check point references memory beyond the allocated region for the level offset field."", ""Step 2: Ensure the LHA magic bytes and basic header fields are correct so that archive_read_support_format_lha accepts the format and reaches the vulnerable code path in archive_read_format_lha_read_header where 'if (p[H_LEVEL_OFFSET] == 0)' is evaluated."", ""Step 3: Open the crafted file with libarchive using archive_read_open_filename() or archive_read_open_memory(), then call archive_read_next_header() to trigger header parsing."", ""Step 4: The OOB access on p[H_LEVEL_OFFSET] will read beyond buffer boundaries. Under ASAN/MSAN this produces a clear out-of-bounds read report; without sanitizers it may cause a segfault or silent memory corruption."", ""Step 5: Compile a test harness linking against libarchive 3.7.2 with ASAN enabled (gcc -fsanitize=address) and feed the crafted LHA file to confirm the OOB read at the p[H_LEVEL_OFFSET] comparison.""]",Trivial,Trigger_Gap,[],https://github.com/libarchive/libarchive/commit/82b57a9740aa6d084edcf4592a3b8e49f63dec98,https://github.com/libarchive/libarchive/tree/v3.7.2,https://changelogs.ubuntu.com/changelogs/pool/main/liba/libarchive/libarchive_3.7.2-2ubuntu0.6/changelog,https://launchpad.net/ubuntu/+source/libarchive/+changelog,,,https://github.com/libarchive/libarchive/issues?q=#2768,https://github.com/libarchive/libarchive/commit/82b57a9740aa6d084edcf4592a3b8e49f63dec98,https://github.com/libarchive/libarchive/blob/v3.7.2/libarchive/archive_read_support_format_lha.c,https://changelogs.ubuntu.com/changelogs/pool/main/liba/libarchive/libarchive_3.7.2-2ubuntu0.6/changelog
libarchive-dev,ed84daf889902c472db860f44cdf506d956f1fb4,3.7.2-2,3.8.5-1ubuntu2,3.7.2-2ubuntu0.6,,main,quilt_patch,True,shared_context,True,"{""_error"": ""non_json_response"", ""_content_type"": ""text/html; charset=UTF-8""}",False,[],False,[],True,True,HIGH,"Craft a tar archive with a V-type header whose size field encodes a negative value, causing tar_read_header to loop infinitely while trying to consume data.","[""Step 1: Create a minimal tar archive and replace the type flag byte (offset 156 in a 512-byte header block) with 'V' (0x56) to simulate a volume header."", ""Step 2: Set the size field (bytes 124-135) to a value that tar_atol will interpret as negative — e.g., an overlength octal string or an invalid encoding that causes tar_atol to return a negative int64_t."", ""Step 3: Feed the crafted tar to any libarchive consumer (e.g., bsdtar -tf malicious.tar, or a C program calling archive_read_open_memory then archive_read_next_header in a loop)."", ""Step 4: Observe the process spinning at ~100% CPU in tar_read_header's main while(1) loop — it calls tar_flush_unconsumed, then __archive_read_ahead, finds the same bad header again, calls header_volume with the negative size, computes a bogus to_consume, and repeats forever without advancing."", ""Step 5: Monitor with strace or gdb to confirm no read() syscalls occur after initial buffering, confirming the loop is purely in userspace.""]",Moderate,Trigger_Gap,"[""CONFIDENCE_LOW: ubuntu_2404_actually_patched=true with no CVE and no USN — high risk of false positive (marker may match an unrelated patch context line). Manual review required.""]",https://github.com/libarchive/libarchive/commit/ed84daf889902c472db860f44cdf506d956f1fb4,https://github.com/libarchive/libarchive/tree/v3.7.2,https://changelogs.ubuntu.com/changelogs/pool/main/liba/libarchive/libarchive_3.7.2-2ubuntu0.6/changelog,https://launchpad.net/ubuntu/+source/libarchive/+changelog,,,https://github.com/libarchive/libarchive/issues?q=#2737,https://github.com/libarchive/libarchive/commit/ed84daf889902c472db860f44cdf506d956f1fb4,https://github.com/libarchive/libarchive/blob/v3.7.2/libarchive/archive_read_support_format_tar.c,https://changelogs.ubuntu.com/changelogs/pool/main/liba/libarchive/libarchive_3.7.2-2ubuntu0.6/changelog
libarchive-dev,94817fa277078aa04e9727ad747746f62efdf2da,3.7.2-2,3.8.5-1ubuntu2,3.7.2-2ubuntu0.6,,main,not_present,False,pre_fix_code,True,"{""_error"": ""non_json_response"", ""_content_type"": ""text/html; charset=UTF-8""}",False,[],False,[],False,True,MEDIUM,"Trigger a fatal error during archive write operations via a failing client_writer callback, causing state to incorrectly remain ARCHIVE_STATE_HEADER instead of transitioning to ARCHIVE_STATE_FATAL, and leaking the archive_none state buffer on cleanup.","[""Step 1: Create an archive_write object with archive_write_new(), set a format (e.g., archive_write_set_format_ustar), and open it with a custom client_writer callback via archive_write_open() that succeeds on open but returns -1 (error) on the second write call."", ""Step 2: Write a valid archive_entry header with archive_write_header(), then call archive_write_data() with a buffer large enough to require multiple write callbacks — the second callback returns -1, causing the internal write path to return ARCHIVE_FATAL."", ""Step 3: Observe that _archive_write_data in 24.04 does NOT set a->archive.state to ARCHIVE_STATE_FATAL (missing code), so the state remains ARCHIVE_STATE_DATA, allowing further operations that should be blocked."", ""Step 4: Call archive_write_free() — in 24.04, archive_write_client_free does NOT free state->buffer and state (the cleanup was only in archive_write_client_close, which may not be called or may have already partially failed), causing a memory leak visible under ASan/valgrind."", ""Step 5: Confirm the leak with: valgrind --leak-check=full ./poc — expect 'definitely lost' bytes matching the buffer_size (default 10240) plus sizeof(struct archive_none), and confirm the state mismanagement by attempting archive_write_header() after the fatal error (it will succeed incorrectly in 24.04).""]",Easy,Trigger_Gap,[],https://github.com/libarchive/libarchive/commit/94817fa277078aa04e9727ad747746f62efdf2da,https://github.com/libarchive/libarchive/tree/v3.7.2,https://changelogs.ubuntu.com/changelogs/pool/main/liba/libarchive/libarchive_3.7.2-2ubuntu0.6/changelog,https://launchpad.net/ubuntu/+source/libarchive/+changelog,,,https://github.com/libarchive/libarchive/issues?q=#2729,https://github.com/libarchive/libarchive/commit/94817fa277078aa04e9727ad747746f62efdf2da,https://github.com/libarchive/libarchive/blob/v3.7.2/libarchive/archive_write.c,https://changelogs.ubuntu.com/changelogs/pool/main/liba/libarchive/libarchive_3.7.2-2ubuntu0.6/changelog
libopenjp2-7,578c67b3291042377ab3aa82265a304d3fdfed4a,2.5.0-2build3,2.5.4-1,2.5.0-2ubuntu0.5,,main,none,False,post_fix_only,True,"{""_error"": ""non_json_response"", ""_content_type"": ""text/html; charset=UTF-8""}",False,[],False,[],False,True,MEDIUM,"Encode an image with a non-empty ICC profile to JP2 format; the encoder sets meth=2 indicating an embedded ICC profile but never allocates/copies the actual profile data, causing a crash or malformed output when writing the Colour Specification box.","[""Step 1: Create a valid OPJ_IMAGE with color_space set and a populated icc_profile_buf (non-NULL) and icc_profile_len > 0, e.g. by loading an image with an embedded ICC profile and preserving it through the decode-encode pipeline."", ""Step 2: Call opj_compress (or opj_start_compress + opj_encode + opj_end_compress via the API) targeting JP2 format output, using default or valid compression parameters."", ""Step 3: During opj_jp2_setup_encoder, the code enters the `if (image->icc_profile_len)` branch at ~line 1987, sets jp2->meth=2 and jp2->enumcs=0, but jp2->color.icc_profile_buf remains NULL/uninitialized (never allocated/copied)."", ""Step 4: When the encoder later writes the JP2 file and encounters the Colour Specification box, it reads jp2->color.icc_profile_buf expecting valid ICC data — resulting in a NULL pointer dereference (SIGSEGV) or reading uninitialized heap memory depending on the allocator state."", ""Step 5: Observe the crash (segfault in opj_jp2_write_colr or related ICC-writing function) or inspect the output JP2 to confirm the ICC profile box is missing/corrupt.""]",Trivial,Trigger_Gap,"[""MARKER_POST_FIX_ONLY""]",https://github.com/uclouvain/openjpeg/commit/578c67b3291042377ab3aa82265a304d3fdfed4a,https://github.com/uclouvain/openjpeg/tree/v2.5.0,https://changelogs.ubuntu.com/changelogs/pool/main/o/openjpeg2/openjpeg2_2.5.0-2ubuntu0.5/changelog,https://launchpad.net/ubuntu/+source/openjpeg2/+changelog,,,https://github.com/uclouvain/openjpeg/issues?q=Fixed,https://github.com/uclouvain/openjpeg/commit/578c67b3291042377ab3aa82265a304d3fdfed4a,https://github.com/uclouvain/openjpeg/blob/v2.5.0/src/lib/openjp2/jp2.c,https://changelogs.ubuntu.com/changelogs/pool/main/o/openjpeg2/openjpeg2_2.5.0-2ubuntu0.5/changelog
libopenjp2-7,98592ee6d6904f1b48e8207238779b89a63befa2,2.5.0-2build3,2.5.4-1,2.5.0-2ubuntu0.5,,main,quilt_patch,True,shared_context,True,"{""_error"": ""non_json_response"", ""_content_type"": ""text/html; charset=UTF-8""}",False,[],False,[],True,True,HIGH,"Craft a JPEG 2000 file with 4:2:2 or 4:2:0 chroma subsampling where component widths satisfy 2*comp1_w+1==comp0_w, triggering OOB read on Cb/Cr buffers during decompression.","[""Step 1: Craft a JPEG 2000 image with SYCC 4:2:2 or 4:2:0 color space where img->comps[0].w (Y) is odd and img->comps[1].w (Cb) is exactly (comps[0].w - 1) / 2, so that 2*comp1_w+1 == comp0_w. For example, Y width=5, Cb/Cr width=2."", ""Step 2: Ensure the image is decompressed through opj_decompress (the binary in src/bin/), which calls sycc422_to_rgb() or sycc420_to_rgb() via the color conversion path in opj_jp2_decode()."", ""Step 3: In sycc422_to_rgb, the main loop processes pairs of Y pixels per Cb/Cr sample. With maxw=5, loopmaxw&~1=4 so j iterates 0,2. At j=4, j<loopmaxw(5) is true, entering the trailing-pixel block at line 214."", ""Step 4: At line 215, *cb and *cr are dereferenced, but j/2 = 2 which equals comp12w (also 2), meaning cb/cr point one past the allocated buffer — an out-of-bounds read."", ""Step 5: Under AddressSanitizer (compile with -fsanitize=address), this produces a heap-buffer-overflow report; without sanitizers it may leak heap data or crash on unmapped pages.""]",Easy,Trigger_Gap,"[""CONFIDENCE_LOW: ubuntu_2404_actually_patched=true with no CVE and no USN — high risk of false positive (marker may match an unrelated patch context line). Manual review required.""]",https://github.com/uclouvain/openjpeg/commit/98592ee6d6904f1b48e8207238779b89a63befa2,https://github.com/uclouvain/openjpeg/tree/v2.5.0,https://changelogs.ubuntu.com/changelogs/pool/main/o/openjpeg2/openjpeg2_2.5.0-2ubuntu0.5/changelog,https://launchpad.net/ubuntu/+source/openjpeg2/+changelog,,,https://github.com/uclouvain/openjpeg/issues?q=sycc422_to_rgb,https://github.com/uclouvain/openjpeg/commit/98592ee6d6904f1b48e8207238779b89a63befa2,https://github.com/uclouvain/openjpeg/blob/v2.5.0/src/bin/common/color.c,https://changelogs.ubuntu.com/changelogs/pool/main/o/openjpeg2/openjpeg2_2.5.0-2ubuntu0.5/changelog
libopenjp2-7,f3b28c5ee417df9f23ca590b0e949d8a309408a0,2.5.0-2build3,2.5.4-1,2.5.0-2ubuntu0.5,,main,not_present,False,pre_fix_code,True,"{""_error"": ""non_json_response"", ""_content_type"": ""text/html; charset=UTF-8""}",False,[],False,[],False,True,HIGH,"Craft a JPEG2000 file with truncated/overlapping packet data where a code-block segment's newlen exceeds remaining p_max_length, causing opj_t1_decode_cblk to read past heap buffer boundaries.","[""Step 1: Take a valid JPEG2000 (.jp2 or .j2k) file and locate the tile-part packet data containing code-block contributions (T2 layer)."", ""Step 2: Corrupt the packet by modifying a code-block segment length field to a value larger than the actual remaining packet data, so l_seg->newlen > p_max_length in opj_t2_read_packet_data, triggering the 'segment too long' branch."", ""Step 3: Ensure the decoder runs in non-strict mode (the default) so that the error is 'tolerated' but the cblk's numchunks/state is left inconsistent—the old code partially updates segment counters and continues rather than fully marking the block corrupted."", ""Step 4: Open the crafted file with any application linked against libopenjp2-7 2.5.0 (e.g., opj_decompress -i malicious.jp2 -o out.pgm, or an image viewer like eog/gthumb that uses openjpeg)."", ""Step 5: The decoder proceeds to opj_t1_decode_cblk with numchunks>0 pointing to stale/overflowing segment data, causing a heap-buffer-overflow read during MQC arithmetic decoding of the code-block bitstream. Under AddressSanitizer (LD_PRELOAD=libasan.so or custom build with -fsanitize=address), observe a heap-buffer-overflow READ report; otherwise observe potential crash (SIGSEGV) or information leak.""]",Easy,Trigger_Gap,[],https://github.com/uclouvain/openjpeg/commit/f3b28c5ee417df9f23ca590b0e949d8a309408a0,https://github.com/uclouvain/openjpeg/tree/v2.5.0,https://changelogs.ubuntu.com/changelogs/pool/main/o/openjpeg2/openjpeg2_2.5.0-2ubuntu0.5/changelog,https://launchpad.net/ubuntu/+source/openjpeg2/+changelog,,,https://github.com/uclouvain/openjpeg/issues?q=Avoid,https://github.com/uclouvain/openjpeg/commit/f3b28c5ee417df9f23ca590b0e949d8a309408a0,https://github.com/uclouvain/openjpeg/blob/v2.5.0/src/lib/openjp2/t1.c,https://changelogs.ubuntu.com/changelogs/pool/main/o/openjpeg2/openjpeg2_2.5.0-2ubuntu0.5/changelog
libopenjp2-7,dea92eea8b6ab55f7eb542ea229b2c2124aa2124,2.5.0-2build3,2.5.4-1,2.5.0-2ubuntu0.5,,main,none,False,post_fix_only,True,"{""_error"": ""non_json_response"", ""_content_type"": ""text/html; charset=UTF-8""}",False,[],False,[],False,True,HIGH,"Craft a truncated JPEG2000 codestream where the SOT marker declares a tile-part length exceeding remaining stream data, causing opj_stream_read_data to return (OPJ_SIZE_T)-1 which is then used as a valid read size, ultimately overflowing a heap buffer in opj_t1_decode_cblk.","[""Step 1: Take any valid JPEG2000 (.j2k) file and locate the SOT (Start of Tile) marker segment (FF90) for the first tile."", ""Step 2: Modify the PSOT field (4 bytes after the SOT marker at offset 2, the tile-part length) to declare a much larger tile-part size than the actual remaining file data."", ""Step 3: Truncate the file shortly after the SOD (FF93) marker so that opj_stream_read_data cannot fulfill the requested read and returns (OPJ_SIZE_T)-1."", ""Step 4: Feed the crafted file to opj_decompress (or any application using libopenjp2 with strict mode disabled) running on Ubuntu 24.04."", ""Step 5: Observe a heap-buffer-overflow crash or ASAN report in opj_t1_decode_cblk, confirming the missing validation allows the error value (-1 wrapped to OPJ_SIZE_T_MAX) to propagate as a valid data length.""]",Trivial,Trigger_Gap,"[""MARKER_POST_FIX_ONLY""]",https://github.com/uclouvain/openjpeg/commit/dea92eea8b6ab55f7eb542ea229b2c2124aa2124,https://github.com/uclouvain/openjpeg/tree/v2.5.0,https://changelogs.ubuntu.com/changelogs/pool/main/o/openjpeg2/openjpeg2_2.5.0-2ubuntu0.5/changelog,https://launchpad.net/ubuntu/+source/openjpeg2/+changelog,,,https://github.com/uclouvain/openjpeg/issues?q=opj_j2k_read_sod,https://github.com/uclouvain/openjpeg/commit/dea92eea8b6ab55f7eb542ea229b2c2124aa2124,https://github.com/uclouvain/openjpeg/blob/v2.5.0/src/lib/openjp2/j2k.c,https://changelogs.ubuntu.com/changelogs/pool/main/o/openjpeg2/openjpeg2_2.5.0-2ubuntu0.5/changelog
libopenjp2-7,2c0823cb30a70319c704565b59f496e490a3c7f9,2.5.0-2build3,2.5.4-1,2.5.0-2ubuntu0.5,,main,none,False,post_fix_only,True,"{""_error"": ""non_json_response"", ""_content_type"": ""text/html; charset=UTF-8""}",False,[],False,[],False,True,HIGH,"Craft a JPEG2000 codestream with a SOT marker declaring a small tile-part length, then include a subsequent marker inside that tile-part with a marker_size larger than the remaining sot_length, triggering an unsigned integer underflow on m_sot_length.","[""Step 1: Create a minimal valid JPEG2000 codestream (SOC, SIZ, COD markers) using a JP2 library or hex editor."", ""Step 2: Insert a SOT (Start of Tile) marker with Psot (tile-part length) set to a small value, e.g. 14 (just enough for SOT header itself plus 2 bytes)."", ""Step 3: After the SOT header data, while still inside the tile-part (state J2K_STATE_TPH), insert an additional marker with a marker_size field value larger than the remaining m_sot_length minus 2, e.g. l_marker_size = 20."", ""Step 4: Feed the crafted file to opj_decompress or any application linked against libopenjp2-7 (version 2.5.0) on Ubuntu 24.04."", ""Step 5: The code at the vulnerable subtraction `m_sot_length -= (l_marker_size + 2)` will underflow the unsigned value, wrapping m_sot_length to a near-maximum value, leading to subsequent memory corruption (heap buffer over-read/write) or crash.""]",Trivial,Trigger_Gap,"[""MARKER_POST_FIX_ONLY""]",https://github.com/uclouvain/openjpeg/commit/2c0823cb30a70319c704565b59f496e490a3c7f9,https://github.com/uclouvain/openjpeg/tree/v2.5.0,https://changelogs.ubuntu.com/changelogs/pool/main/o/openjpeg2/openjpeg2_2.5.0-2ubuntu0.5/changelog,https://launchpad.net/ubuntu/+source/openjpeg2/+changelog,,,https://github.com/uclouvain/openjpeg/issues?q=Integer,https://github.com/uclouvain/openjpeg/commit/2c0823cb30a70319c704565b59f496e490a3c7f9,https://github.com/uclouvain/openjpeg/blob/v2.5.0/src/lib/openjp2/j2k.c,https://changelogs.ubuntu.com/changelogs/pool/main/o/openjpeg2/openjpeg2_2.5.0-2ubuntu0.5/changelog
libpoppler-dev,5f68ea46394743566f04e5be58d828831b178f30,24.02.0-1ubuntu9,26.01.0-2build2,24.02.0-1ubuntu9.8,,main,not_present,False,pre_fix_code,True,"{""_error"": ""non_json_response"", ""_content_type"": ""text/html; charset=UTF-8""}",False,[],False,[],False,True,HIGH,"Craft a PDF with an inline image whose stream data is read multiple times (e.g., via PSOutputDev or ImageOutputDev), triggering the EmbedStream replay path that reads from incorrect buffer positions.","[""Step 1: Create a minimal PDF containing an inline image (BI/ID/EI operators in a content stream) with image data that will be consumed twice — once for length detection via getInlineImageLength() and once for actual rendering/export via PSOutputDev::doImageL1Sep()."", ""Step 2: Open the crafted PDF with a tool that exercises the vulnerable code path: `pdftops -level1sep` (triggers doImageL1Sep which calls embedStr->rewind()) or `pdfimages -list` (triggers getInlineImageLength which calls rewind/restore). The inline image triggers EmbedStream creation with reusable=true."", ""Step 3: After rewind(), when getChars() is called in replay mode, the buggy code executes `memcpy(buffer, bufData, nChars)` instead of `memcpy(buffer, &bufData[bufPos], nChars)`, reading from the start of bufData regardless of current position. Additionally, bufPos is never incremented, so repeated calls always copy from offset 0, and the return value is wrong (returns bufLen-bufPos instead of nChars)."", ""Step 4: Observable result: heap buffer over-read (reading beyond valid data in bufData), incorrect image data being produced, potential crash if bufData allocation is near a page boundary, or use of uninitialized stack/heap memory in the output buffer due to the return value mismatch (caller thinks more bytes were read than actually copied). Under AddressSanitizer, this manifests as heap-buffer-overflow."", ""Step 5: Verify by running `pdftops -level1sep crafted.pdf output.ps` under ASan/Valgrind and observing heap-buffer-overflow reports or by confirming incorrect image pixel data in the PS output.""]",Easy,Trigger_Gap,[],https://gitlab.freedesktop.org/poppler/poppler/-/commit/5f68ea46394743566f04e5be58d828831b178f30,https://gitlab.freedesktop.org/poppler/poppler/-/tree/poppler-24.02.0,https://changelogs.ubuntu.com/changelogs/pool/main/p/poppler/poppler_24.02.0-1ubuntu9.8/changelog,https://launchpad.net/ubuntu/+source/poppler/+changelog,,,https://gitlab.freedesktop.org/poppler/poppler/-/issues/?search=Remove,https://gitlab.freedesktop.org/poppler/poppler/-/commit/5f68ea46394743566f04e5be58d828831b178f30,https://gitlab.freedesktop.org/poppler/poppler/-/blob/v24.02.0/poppler/PSOutputDev.cc,https://changelogs.ubuntu.com/changelogs/pool/main/p/poppler/poppler_24.02.0-1ubuntu9.8/changelog
libpoppler-dev,7aa99cf8fe6693e6a7a52adc09fcae613cd04e0d,24.02.0-1ubuntu9,26.01.0-2build2,24.02.0-1ubuntu9.8,,main,not_present,False,shared_context,True,"{""_error"": ""non_json_response"", ""_content_type"": ""text/html; charset=UTF-8""}",False,[],False,[],False,True,HIGH,"Craft a PDF with a StructTree containing a RoleMap that defines a cycle among intermediate names (e.g., A→B→C→B), so the original circular-reference check against the starting name never triggers, causing infinite recursion and stack overflow when poppler parses any struct element referencing 'A'.","[""Step 1: Create a minimal valid PDF with a Structure Tree Root (StructTreeRoot dictionary) containing a RoleMap dictionary. In the RoleMap, define entries that form an indirect cycle NOT involving the initial lookup name, e.g.: /CustomType /LinkA, /LinkA /LinkB, /LinkB /LinkA."", ""Step 2: Add a StructElem object in the structure tree with its /S key set to /CustomType, so that parse() calls roleMapResolve(roleMap, \""CustomType\"", nullptr)."", ""Step 3: Open the crafted PDF with any poppler-based tool on Ubuntu 24.04 (e.g., pdftotext, pdftocairo, or evince). The parser will call roleMapResolve which will follow CustomType→LinkA→LinkB→LinkA→LinkB→... recursively without triggering the circular reference check (which only compares against 'CustomType')."", ""Step 4: Observe the process crash with SIGSEGV or stack overflow as the call stack is exhausted. Running under gdb or with `ulimit -s unlimited` may show a deep recursive backtrace in roleMapResolve.""]",Easy,Trigger_Gap,[],https://gitlab.freedesktop.org/poppler/poppler/-/commit/7aa99cf8fe6693e6a7a52adc09fcae613cd04e0d,https://gitlab.freedesktop.org/poppler/poppler/-/tree/poppler-24.02.0,https://changelogs.ubuntu.com/changelogs/pool/main/p/poppler/poppler_24.02.0-1ubuntu9.8/changelog,https://launchpad.net/ubuntu/+source/poppler/+changelog,,,https://gitlab.freedesktop.org/poppler/poppler/-/issues/?search=Don't,https://gitlab.freedesktop.org/poppler/poppler/-/commit/7aa99cf8fe6693e6a7a52adc09fcae613cd04e0d,https://gitlab.freedesktop.org/poppler/poppler/-/blob/v24.02.0/poppler/StructElement.cc,https://changelogs.ubuntu.com/changelogs/pool/main/p/poppler/poppler_24.02.0-1ubuntu9.8/changelog
libpoppler-dev,211c5663b6aa02ad0d40f2baad3e3096b8dec875,24.02.0-1ubuntu9,26.01.0-2build2,24.02.0-1ubuntu9.8,,main,not_present,False,pre_fix_code,True,"{""_error"": ""non_json_response"", ""_content_type"": ""text/html; charset=UTF-8""}",False,[],False,[],False,True,MEDIUM,"Call GooString::toLowerCase() on a string with uppercase characters and observe the returned string is unchanged, breaking any case-insensitive comparison logic downstream.","[""Step 1: Create a minimal C++ test program or craft a PDF that triggers a code path calling GooString::toLowerCase(), e.g., through font name normalization or annotation processing where case-insensitive matching is expected."", ""Step 2: Pass a string with uppercase letters (e.g., 'ABCDEF') to GooString::toLowerCase()."", ""Step 3: Observe that the returned string is 'ABCDEF' (original) instead of 'abcdef' (expected). This can be confirmed via a debugger breakpoint on GooString::toLowerCase() checking the return value at line 621 of GooString.cc."", ""Step 4: Trace downstream to verify that case-insensitive comparisons or lookups fail (e.g., Dict key lookups or font matching that depend on lowercased names)."", ""Step 5: In a PDF context, embed a resource with mixed-case names that should resolve via case-insensitive logic; observe the resource not being found, causing rendering failure or fallback behavior.""]",Trivial,Trigger_Gap,[],https://gitlab.freedesktop.org/poppler/poppler/-/commit/211c5663b6aa02ad0d40f2baad3e3096b8dec875,https://gitlab.freedesktop.org/poppler/poppler/-/tree/poppler-24.02.0,https://changelogs.ubuntu.com/changelogs/pool/main/p/poppler/poppler_24.02.0-1ubuntu9.8/changelog,https://launchpad.net/ubuntu/+source/poppler/+changelog,,,https://gitlab.freedesktop.org/poppler/poppler/-/issues/?search=important,https://gitlab.freedesktop.org/poppler/poppler/-/commit/211c5663b6aa02ad0d40f2baad3e3096b8dec875,https://gitlab.freedesktop.org/poppler/poppler/-/blob/v24.02.0/goo/GooString.cc,https://changelogs.ubuntu.com/changelogs/pool/main/p/poppler/poppler_24.02.0-1ubuntu9.8/changelog
libpoppler-dev,ca1e7c8103b805f32a2db1a378c55fbd9b6afb85,24.02.0-1ubuntu9,26.01.0-2build2,24.02.0-1ubuntu9.8,,main,none,False,post_fix_only,True,"{""_error"": ""non_json_response"", ""_content_type"": ""text/html; charset=UTF-8""}",False,[],False,[],False,True,HIGH,"Crafted PDF with JBIG2 text region segment containing rdw/rdx values causing integer overflow in refDX computation, leading to out-of-bounds bitmap access.","[""Step 1: Create a minimal PDF containing a JBIG2 stream with a text region segment (set huff=0, refine=1 to exercise the refinement path)."", ""Step 2: In the text region segment, craft symbol refinement parameters so that rdw is a large positive int and rdx is a large positive int such that ((rdw) / 2) + rdx overflows INT_MAX, wrapping refDX to a large negative value."", ""Step 3: When poppler parses this PDF (e.g., via pdftotext, pdftoppm, or any linked application), JBIG2Stream::readTextRegion will compute refDX without checkedAdd, producing a wrapped value."", ""Step 4: The corrupted refDX is used in bitmap combine/refine operations, causing out-of-bounds read/write on the JBIG2Bitmap data buffer — observable as a segfault or heap corruption."", ""Step 5: Run under AddressSanitizer (ASAN) to confirm: compile libpoppler with -fsanitize=address, then open the crafted PDF — ASAN will report heap-buffer-overflow or negative-size-param in the JBIG2 bitmap combine path.""]",Trivial,Trigger_Gap,"[""MARKER_POST_FIX_ONLY""]",https://gitlab.freedesktop.org/poppler/poppler/-/commit/ca1e7c8103b805f32a2db1a378c55fbd9b6afb85,https://gitlab.freedesktop.org/poppler/poppler/-/tree/poppler-24.02.0,https://changelogs.ubuntu.com/changelogs/pool/main/p/poppler/poppler_24.02.0-1ubuntu9.8/changelog,https://launchpad.net/ubuntu/+source/poppler/+changelog,,,https://gitlab.freedesktop.org/poppler/poppler/-/issues/?search=JBIG2Stream::readTextRegion,https://gitlab.freedesktop.org/poppler/poppler/-/commit/ca1e7c8103b805f32a2db1a378c55fbd9b6afb85,https://gitlab.freedesktop.org/poppler/poppler/-/blob/v24.02.0/poppler/JBIG2Stream.cc,https://changelogs.ubuntu.com/changelogs/pool/main/p/poppler/poppler_24.02.0-1ubuntu9.8/changelog
libxml2,4982ee83f91ed598de793b280c8990646726c440,2.9.14+dfsg-1.3ubuntu3,2.15.2+dfsg-0.1,2.9.14+dfsg-1.3ubuntu3.7,,main,not_present,False,shared_context,True,"{""_error"": ""non_json_response"", ""_content_type"": ""text/html; charset=UTF-8""}",False,[],False,[],False,True,HIGH,"A local attacker crafts an SGML catalog file containing a CATALOG directive pointing to itself, triggering unbounded recursion in xmlExpandCatalog→xmlParseSGMLCatalog and crashing any libxml2-based application that loads it.","[""Step 1: Create a file named /tmp/evil.soc with the single line content: CATALOG /tmp/evil.soc (this creates a self-referencing SGML catalog entry)."", ""Step 2: Run xmllint (or any libxml2-linked tool) with catalog resolution enabled: XML_CATALOG_FILES=/tmp/evil.soc xmllint --catalogs /tmp/test.xml where test.xml is any valid XML file."", ""Step 3: Observe the process crash with a segmentation fault due to stack exhaustion from infinite recursion through xmlExpandCatalog→xmlLoadSGMLSuperCatalog→xmlParseSGMLCatalog→xmlExpandCatalog looping on the same file."", ""Step 4: Verify via dmesg or journalctl that a stack overflow / segfault was logged for the process.""]",Easy,Trigger_Gap,[],https://gitlab.gnome.org/GNOME/libxml2/-/commit/4982ee83f91ed598de793b280c8990646726c440,https://gitlab.gnome.org/GNOME/libxml2/-/tree/v2.9.14,https://changelogs.ubuntu.com/changelogs/pool/main/libx/libxml2/libxml2_2.9.14+dfsg-1.3ubuntu3.7/changelog,https://launchpad.net/ubuntu/+source/libxml2/+changelog,,,https://gitlab.gnome.org/GNOME/libxml2/-/issues/?search=catalog,https://gitlab.gnome.org/GNOME/libxml2/-/commit/4982ee83f91ed598de793b280c8990646726c440,https://gitlab.gnome.org/GNOME/libxml2/-/blob/v2.9.14/catalog.c,https://changelogs.ubuntu.com/changelogs/pool/main/libx/libxml2/libxml2_2.9.14+dfsg-1.3ubuntu3.7/changelog
libxml2,f0e757a2a4e9e4da6ad522d7a389b7a06db8e9d0,2.9.14+dfsg-1.3ubuntu3,2.15.2+dfsg-0.1,2.9.14+dfsg-1.3ubuntu3.7,,main,none,False,post_fix_only,True,"{""_error"": ""non_json_response"", ""_content_type"": ""text/html; charset=UTF-8""}",False,[],False,[],False,True,HIGH,"Craft two URIs with extremely long paths where the base URI contains many slash-separated segments that differ from the target URI, causing integer overflow in the len + 3 * nbslash computation passed to xmlMalloc.","[""Step 1: Construct a base URI with a very long path containing tens of thousands of 'a/' segments (e.g., 'http://x.com/' + 'a/' repeated ~500M+ times to make path length approach INT_MAX/3), and a target URI that shares the scheme+authority but diverges immediately in the path."", ""Step 2: Call xmlBuildRelativeURISafe(target_uri, base_uri, &result) — this enters the path comparison logic where nbslash counts the number of slashes in the base path before the common suffix, and len = xmlStrlen(uptr) + 1 captures the remaining target path length."", ""Step 3: The computation len + 3 * nbslash overflows a signed int, wrapping to a small positive or negative value, causing xmlMalloc to allocate a tiny buffer."", ""Step 4: The subsequent loop writes '../' (3 bytes) nbslash times into the undersized buffer, followed by the remaining URI path of length len — a classic heap buffer overflow."", ""Step 5: Observable outcome: heap corruption detected by ASan/Valgrind, or a crash (SEGFAULT) during or after the write; without sanitizers, this may manifest as arbitrary heap metadata corruption potentially exploitable for code execution."", ""Step 6: For a practical test, use a minimized xmllint harness or a C program linking libxml2 that calls xmlBuildRelativeURI with the crafted inputs; compile with -fsanitize=address to reliably observe the overflow.""]",Trivial,Trigger_Gap,"[""MARKER_POST_FIX_ONLY""]",https://gitlab.gnome.org/GNOME/libxml2/-/commit/f0e757a2a4e9e4da6ad522d7a389b7a06db8e9d0,https://gitlab.gnome.org/GNOME/libxml2/-/tree/v2.9.14,https://changelogs.ubuntu.com/changelogs/pool/main/libx/libxml2/libxml2_2.9.14+dfsg-1.3ubuntu3.7/changelog,https://launchpad.net/ubuntu/+source/libxml2/+changelog,,,https://gitlab.gnome.org/GNOME/libxml2/-/issues/?search=signed,https://gitlab.gnome.org/GNOME/libxml2/-/commit/f0e757a2a4e9e4da6ad522d7a389b7a06db8e9d0,https://gitlab.gnome.org/GNOME/libxml2/-/blob/v2.9.14/uri.c,https://changelogs.ubuntu.com/changelogs/pool/main/libx/libxml2/libxml2_2.9.14+dfsg-1.3ubuntu3.7/changelog
libxml2,df2ba65f661addfba50bdb7f280d594781249dfc,2.9.14+dfsg-1.3ubuntu3,2.15.2+dfsg-0.1,2.9.14+dfsg-1.3ubuntu3.7,,main,not_present,False,pre_fix_code,True,"{""_error"": ""non_json_response"", ""_content_type"": ""text/html; charset=UTF-8""}",False,[],False,[],False,True,HIGH,"Craft an XML document validated against a RelaxNG schema containing a <list> pattern, where the input text has extra unconsumed content after matched list items, triggering XML_RELAXNG_ERR_LISTEXTRA error that stores a raw pointer to transient validation state memory that is later freed and dereferenced.","[""Step 1: Create a RelaxNG schema (schema.rng) that defines a <list> containing <value> or <data> elements, e.g.: <element name='root'><list><value>foo</value><value>bar</value></list></element>"", ""Step 2: Create a malformed XML instance (doc.xml) with the list element containing the expected values PLUS extra unconsumed trailing content, e.g.: <root>foo bar extra_junk</root>"", ""Step 3: Call xmlRelaxNGValidateDoc() or use xmllint --relaxng schema.rng doc.xml to trigger validation; the list matcher will match 'foo' and 'bar' but find 'extra_junk' remaining, hitting the VALID_ERR2(XML_RELAXNG_ERR_LISTEXTRA, ctxt->state->value) path at ~line 8658"", ""Step 4: After validation state cleanup frees ctxt->state, the unduplicated ctxt->state->value pointer in the error structure becomes dangling; subsequent error reporting or error structure access (e.g., via error callback or ctxt->err_list traversal) dereferences freed memory"", ""Step 5: Under AddressSanitizer (compile libxml2 with -fsanitize=address) or valgrind, observe a use-after-free report when the error is reported/accessed; without sanitizers, expect potential crash, corrupted error output, or heap-dependent undefined behavior""]",Trivial,Trigger_Gap,[],https://gitlab.gnome.org/GNOME/libxml2/-/commit/df2ba65f661addfba50bdb7f280d594781249dfc,https://gitlab.gnome.org/GNOME/libxml2/-/tree/v2.9.14,https://changelogs.ubuntu.com/changelogs/pool/main/libx/libxml2/libxml2_2.9.14+dfsg-1.3ubuntu3.7/changelog,https://launchpad.net/ubuntu/+source/libxml2/+changelog,,,https://gitlab.gnome.org/GNOME/libxml2/-/issues/?search=duplicating,https://gitlab.gnome.org/GNOME/libxml2/-/commit/df2ba65f661addfba50bdb7f280d594781249dfc,https://gitlab.gnome.org/GNOME/libxml2/-/blob/v2.9.14/relaxng.c,https://changelogs.ubuntu.com/changelogs/pool/main/libx/libxml2/libxml2_2.9.14+dfsg-1.3ubuntu3.7/changelog
libxml2,66c52b3ac6c32ab112ec2a3bf41e6c30948be113,2.9.14+dfsg-1.3ubuntu3,2.15.2+dfsg-0.1,2.9.14+dfsg-1.3ubuntu3.7,,main,not_present,False,shared_context,True,"{""_error"": ""non_json_response"", ""_content_type"": ""text/html; charset=UTF-8""}",False,[],False,[],False,True,HIGH,"An attacker crafts a RelaxNG schema with deeply nested or circular <include> directives and feeds it to any application that parses RelaxNG schemas (e.g., xmllint --relaxng), causing stack overflow and crash.","[""Step 1: Create a RelaxNG schema file 'include_chain.rng' that uses <include href=\""include_chain.rng\""/> referencing itself (circular include) within a <grammar> element in the RelaxNG namespace (http://relaxng.org/ns/structure/1.0). Alternatively, generate ~2000 separate .rng files each including the next to avoid simple cycle detection."", ""Step 2: Feed the schema to a libxml2-based tool on Ubuntu 24.04, e.g.: xmllint --relaxng include_chain.rng /dev/null, or use a custom C program calling xmlRelaxNGNewParserCtxt() followed by xmlRelaxNGParse()."", ""Step 3: The parser enters xmlRelaxNGLoadInclude() -> xmlRelaxNGIncludePush() -> xmlRelaxNGLoadInclude() recursively without any depth limit check (the incLimit field and guard do not exist in 2.9.14)."", ""Step 4: Observe a segmentation fault (stack overflow) as the call stack is exhausted. With a circular self-include, this happens almost immediately; with a long linear chain, it may require ~10000+ includes depending on stack size limits."", ""Step 5: Confirm via dmesg/syslog that the process was killed by SIGSEGV or stack overflow, verifying the denial-of-service impact.""]",Easy,Trigger_Gap,[],https://gitlab.gnome.org/GNOME/libxml2/-/commit/66c52b3ac6c32ab112ec2a3bf41e6c30948be113,https://gitlab.gnome.org/GNOME/libxml2/-/tree/v2.9.14,https://changelogs.ubuntu.com/changelogs/pool/main/libx/libxml2/libxml2_2.9.14+dfsg-1.3ubuntu3.7/changelog,https://launchpad.net/ubuntu/+source/libxml2/+changelog,,,https://gitlab.gnome.org/GNOME/libxml2/-/issues/?search=RelaxNG,https://gitlab.gnome.org/GNOME/libxml2/-/commit/66c52b3ac6c32ab112ec2a3bf41e6c30948be113,https://gitlab.gnome.org/GNOME/libxml2/-/blob/v2.9.14/include/libxml/relaxng.h,https://changelogs.ubuntu.com/changelogs/pool/main/libx/libxml2/libxml2_2.9.14+dfsg-1.3ubuntu3.7/changelog
libxml2,c2d310649edd05260e38a636d4aa9346c04ffc30,2.9.14+dfsg-1.3ubuntu3,2.15.2+dfsg-0.1,2.9.14+dfsg-1.3ubuntu3.7,,main,none,False,post_fix_only,True,"{""_error"": ""non_json_response"", ""_content_type"": ""text/html; charset=UTF-8""}",False,[],False,[],False,True,MEDIUM,Trigger a NULL dereference by invoking xmlTextWriterStartElementNS or xmlTextWriterStartAttributeNS with a non-NULL namespaceURI on a writer whose nsstack field is NULL (via partial initialization failure or forced OOM during writer creation).,"[""Step 1: Create an xmlTextWriter using xmlNewTextWriterFilename() or xmlNewTextWriterMemory(), then manually set writer->nsstack = NULL (or engineer OOM during the internal xmlListCreate for nsstack allocation) to simulate a corrupted/partially-initialized writer state."", ""Step 2: Call xmlTextWriterStartElement(writer, BAD_CAST \""root\"") to establish a valid element context on the writer's node stack."", ""Step 3: Call xmlTextWriterStartElementNS(writer, BAD_CAST \""ns\"", BAD_CAST \""child\"", BAD_CAST \""http://example.com\""). The function passes the guard at line 1061 (it only checks writer/name, NOT nsstack), proceeds to allocate p and buf, then reaches xmlListPushFront(writer->nsstack, p) at line 1103, dereferencing NULL → SIGSEGV."", ""Step 4: Alternative trigger path: call xmlTextWriterStartAttributeNS(writer, BAD_CAST \""ns\"", BAD_CAST \""attr\"", BAD_CAST \""http://example.com\"") on the same corrupted writer, causing crash at xmlListSearch(writer->nsstack, &nsentry) on line 1854."", ""Step 5: Observe crash via SEGFAULT/SIGSEGV — confirming the NULL dereference. Under ASan/MSan the crash site and NULL dereference is clearly identified at the xmlList* call operating on nsstack.""]",Trivial,Trigger_Gap,"[""MARKER_POST_FIX_ONLY""]",https://gitlab.gnome.org/GNOME/libxml2/-/commit/c2d310649edd05260e38a636d4aa9346c04ffc30,https://gitlab.gnome.org/GNOME/libxml2/-/tree/v2.9.14,https://changelogs.ubuntu.com/changelogs/pool/main/libx/libxml2/libxml2_2.9.14+dfsg-1.3ubuntu3.7/changelog,https://launchpad.net/ubuntu/+source/libxml2/+changelog,,,https://gitlab.gnome.org/GNOME/libxml2/-/issues/?search=writer,https://gitlab.gnome.org/GNOME/libxml2/-/commit/c2d310649edd05260e38a636d4aa9346c04ffc30,https://gitlab.gnome.org/GNOME/libxml2/-/blob/v2.9.14/xmlwriter.c,https://changelogs.ubuntu.com/changelogs/pool/main/libx/libxml2/libxml2_2.9.14+dfsg-1.3ubuntu3.7/changelog
libpam0g-dev,f5db2603d2ce80a610a247e06bdd49c4eb091a7d,1.5.3-5ubuntu5,1.7.0-5ubuntu3,0.1.8-1ubuntu0.24.04.3,,universe,none,False,post_fix_only,True,"{""_error"": ""non_json_response"", ""_content_type"": ""text/html; charset=UTF-8""}",False,[],False,[],False,True,MEDIUM,"A user configures a maxlogins limit of 2 in /etc/security/limits.conf, but due to utmp inaccuracy under systemd-logind session management, the user can open more concurrent sessions than permitted because utmp entries don't accurately reflect all active logind sessions.","[""Step 1: Add 'testuser hard maxlogins 2' to /etc/security/limits.conf on an Ubuntu 24.04 system running systemd-logind."", ""Step 2: Login as testuser via SSH (session 1). Note that pam_systemd also spawns a systemd --user instance that invokes pam_limits, and utmp may or may not reflect this correctly."", ""Step 3: Login as testuser via a second SSH connection (session 2). Then close session 1 — observe that the utmp entry for session 1 may persist as stale, or conversely, logind sessions may not be fully reflected in utmp."", ""Step 4: Attempt a third login as testuser — due to utmp not accurately tracking logind-managed sessions, the count in check_logins() may be incorrect, allowing the session when it should be denied (bypass), or denying it when it should be allowed (DoS)."", ""Step 5: Compare behavior by installing the patched version using sd_get_sessions() — observe that logind-based counting correctly enforces the limit, proving the utmp logic flaw.""]",Moderate,Trigger_Gap,"[""MARKER_POST_FIX_ONLY""]",https://github.com/linux-pam/linux-pam/commit/f5db2603d2ce80a610a247e06bdd49c4eb091a7d,https://github.com/linux-pam/linux-pam/tree/v1.5.3,https://changelogs.ubuntu.com/changelogs/pool/universe/p/pam/pam_0.1.8-1ubuntu0.24.04.3/changelog,https://launchpad.net/ubuntu/+source/pam/+changelog,,,https://github.com/linux-pam/linux-pam/issues?q=pam_limits,https://github.com/linux-pam/linux-pam/commit/f5db2603d2ce80a610a247e06bdd49c4eb091a7d,https://github.com/linux-pam/linux-pam/blob/v1.5.3/modules/pam_limits/pam_limits.c,https://changelogs.ubuntu.com/changelogs/pool/universe/p/pam/pam_0.1.8-1ubuntu0.24.04.3/changelog
libpam0g-dev,8401cef10cd5f62849c5fcfef4c82db92712296c,1.5.3-5ubuntu5,1.7.0-5ubuntu3,0.1.8-1ubuntu0.24.04.3,,universe,not_present,False,shared_context,True,"{""_error"": ""non_json_response"", ""_content_type"": ""text/html; charset=UTF-8""}",False,[],False,[],False,True,LOW,"An attacker creates many non-user-class logind sessions (e.g., via system services or session-degree containers) and observes an inflated user count on the login prompt, potentially masking true login activity or misleading administrators.","[""Step 1: Edit /etc/issue on Ubuntu 24.04 to include the \\U escape sequence (e.g., 'There are \\U users logged in') so pam_issue expands it at login time."", ""Step 2: Create multiple logind sessions that are NOT of class 'user' — for example, start several systemd services or scope units that register sessions with logind (e.g., systemd-run --scope --unit=fakesessNN sleep inf), or use machinectl shell to create container sessions."", ""Step 3: Verify via loginctl list-sessions that multiple sessions exist, and note the count includes system/service sessions."", ""Step 4: Trigger the pam_issue module by invoking login(1), su(1), or ssh(1) on the host — the \\U escape expands using sd_get_sessions(NULL), which returns total session count regardless of class."", ""Step 5: Observe that the displayed user count in the login prompt is significantly higher than the actual number of human users (who have class 'user' in logind), confirming the logic flaw where all sessions are equated with users.""]",Easy,Trigger_Gap,[],https://github.com/linux-pam/linux-pam/commit/8401cef10cd5f62849c5fcfef4c82db92712296c,https://github.com/linux-pam/linux-pam/tree/v1.5.3,https://changelogs.ubuntu.com/changelogs/pool/universe/p/pam/pam_0.1.8-1ubuntu0.24.04.3/changelog,https://launchpad.net/ubuntu/+source/pam/+changelog,,,https://github.com/linux-pam/linux-pam/issues?q=pam_issue,https://github.com/linux-pam/linux-pam/commit/8401cef10cd5f62849c5fcfef4c82db92712296c,https://github.com/linux-pam/linux-pam/blob/v1.5.3/modules/pam_issue/pam_issue.c,https://changelogs.ubuntu.com/changelogs/pool/universe/p/pam/pam_0.1.8-1ubuntu0.24.04.3/changelog
libpam0g-dev,75292685a625153c6e28bdd820e97421c258c04a,1.5.3-5ubuntu5,1.7.0-5ubuntu3,0.1.8-1ubuntu0.24.04.3,,universe,not_present,False,shared_context,True,"{""_error"": ""non_json_response"", ""_content_type"": ""text/html; charset=UTF-8""}",False,[],False,[],False,True,MEDIUM,"Craft a PAM environment config file with entries where econf_getKeys returns key names but econf_getStringValue subsequently fails for some of them, causing the caller to iterate over uninitialized malloc'd pointers.","[""Step 1: On Ubuntu 24.04, create a crafted environment file (e.g., /etc/security/pam_env.conf or a file referenced by pam_env.so) containing entries where the key is parseable by libeconf's key enumeration but the value retrieval fails — for example, keys with certain malformed values, duplicate keys with conflicting types, or keys referencing undefined variables that cause getStringValue to return an error."", ""Step 2: Configure /etc/pam.d/common-session (or a test PAM service) to load pam_env.so with the 'readenv=1' or 'user_readenv=1' option pointing to the crafted file, e.g.: 'session required pam_env.so readenv=1 envfile=/tmp/malformed_env'."", ""Step 3: Trigger PAM authentication/session opening for any user (e.g., 'su - <username>' or 'login'), which invokes pam_env.so → _pam_parse → econf_read_file."", ""Step 4: Inside econf_read_file, econf_getKeys returns N keys, malloc allocates an array of N+1 char* pointers (uninitialized), then for any key where econf_getStringValue fails, the corresponding (*lines)[i] slot remains uninitialized (garbage pointer from the heap). The NULL terminator is only placed at index key_number."", ""Step 5: The caller of econf_read_file iterates *lines[] until it finds a NULL; when it hits an uninitialized slot containing a garbage non-NULL pointer, it dereferences it — observable as a segfault/crash in pam_env.so during session setup, or heap information leak if the garbage pointer happens to point to readable memory.""]",Trivial,Trigger_Gap,[],https://github.com/linux-pam/linux-pam/commit/75292685a625153c6e28bdd820e97421c258c04a,https://github.com/linux-pam/linux-pam/tree/v1.5.3,https://changelogs.ubuntu.com/changelogs/pool/universe/p/pam/pam_0.1.8-1ubuntu0.24.04.3/changelog,https://launchpad.net/ubuntu/+source/pam/+changelog,,,https://github.com/linux-pam/linux-pam/issues?q=pam_env,https://github.com/linux-pam/linux-pam/commit/75292685a625153c6e28bdd820e97421c258c04a,https://github.com/linux-pam/linux-pam/blob/v1.5.3/modules/pam_env/pam_env.c,https://changelogs.ubuntu.com/changelogs/pool/universe/p/pam/pam_0.1.8-1ubuntu0.24.04.3/changelog
libpam0g-dev,db25d975c804bbe5b86cb61b77723e040331bd16,1.5.3-5ubuntu5,1.7.0-5ubuntu3,0.1.8-1ubuntu0.24.04.3,,universe,not_present,False,shared_context,True,"{""_error"": ""non_json_response"", ""_content_type"": ""text/html; charset=UTF-8""}",False,[],False,[],False,True,MEDIUM,"An attacker or administrator creates a configuration file in /etc/security/limits.d/ that causes parse_config_file to return PAM_IGNORE (e.g., using a '-' limit type) or fail, triggering the use-after-free when the PAM module attempts to log the event.","[""Step 1: Create a file in the limits directory, e.g., /etc/security/limits.d/uaf.conf (requires root privileges)."", ""Step 2: Add a configuration line that evaluates to PAM_IGNORE for a specific user, such as '<username> -'."", ""Step 3: Initiate a session for the target user, for example by logging in via SSH or using 'su - <username>'."", ""Step 4: The pam_limits.so module processes the file, sets pl->conf_file to the dynamically allocated filename, and then frees the filename array."", ""Step 5: The execution enters the PAM_IGNORE or error path, causing pam_syslog or the D() macro to access pl->conf_file, triggering the use-after-free.""]",Easy,Trigger_Gap,[],https://github.com/linux-pam/linux-pam/commit/db25d975c804bbe5b86cb61b77723e040331bd16,https://github.com/linux-pam/linux-pam/tree/v1.5.3,https://changelogs.ubuntu.com/changelogs/pool/universe/p/pam/pam_0.1.8-1ubuntu0.24.04.3/changelog,https://launchpad.net/ubuntu/+source/pam/+changelog,,,https://github.com/linux-pam/linux-pam/issues?q=pam_limits,https://github.com/linux-pam/linux-pam/commit/db25d975c804bbe5b86cb61b77723e040331bd16,https://github.com/linux-pam/linux-pam/blob/v1.5.3/modules/pam_limits/pam_limits.c,https://changelogs.ubuntu.com/changelogs/pool/universe/p/pam/pam_0.1.8-1ubuntu0.24.04.3/changelog
libpam0g-dev,5bd5ab8b167115104c361b3d417ed16059493a9c,1.5.3-5ubuntu5,1.7.0-5ubuntu3,0.1.8-1ubuntu0.24.04.3,,universe,not_present,False,shared_context,True,"{""_error"": ""non_json_response"", ""_content_type"": ""text/html; charset=UTF-8""}",False,[],False,[],False,True,LOW,"A PAM module would need to invoke _pam_overwrite_n, _pam_drop, or _pam_drop_reply with a complex expression (e.g., bitwise/comparison) as an argument; the preprocessor expansion would then silently produce incorrect code due to operator precedence, potentially corrupting memory or bypassing logic.","[""Step 1: Write a custom PAM module that calls _pam_overwrite_n(ptr, count & mask) where (count & mask) is intended as the bound — without parentheses, the expansion becomes '__i__<count & mask' which the compiler reads as (__i__<count) & mask, producing a much shorter or zero-length loop and leaving sensitive data unerased."", ""Step 2: Alternatively, invoke _pam_drop(*some_struct->member) in a module; without parentheses the expansion becomes '*some_struct->member=NULL' which, while not crashing in most cases, demonstrates the precedence ambiguity — a more complex lvalue expression could miscompile."", ""Step 3: Use the custom module via a PAM-aware service (e.g., sudo, sshd with UsePAM=yes) and trigger the code path by authenticating; run under valgrind or AddressSanitizer to detect any heap-buffer-overflow from _pam_overwrite_n writing beyond the truncated bound."", ""Step 4: Observe that sensitive data (e.g., password buffers) is not fully zeroed because the loop terminates early, or observe memory corruption if the loop runs too long with certain expression patterns."", ""Step 5: Compare behaviour against a build where the patch (parenthesised macro parameters) is applied — the loop bound and assignment will be correct.""]",Trivial,Trigger_Gap,[],https://github.com/linux-pam/linux-pam/commit/5bd5ab8b167115104c361b3d417ed16059493a9c,https://github.com/linux-pam/linux-pam/tree/v1.5.3,https://changelogs.ubuntu.com/changelogs/pool/universe/p/pam/pam_0.1.8-1ubuntu0.24.04.3/changelog,https://launchpad.net/ubuntu/+source/pam/+changelog,,,https://github.com/linux-pam/linux-pam/issues?q=libpam,https://github.com/linux-pam/linux-pam/commit/5bd5ab8b167115104c361b3d417ed16059493a9c,https://github.com/linux-pam/linux-pam/blob/v1.5.3/libpam/include/security/_pam_macros.h,https://changelogs.ubuntu.com/changelogs/pool/universe/p/pam/pam_0.1.8-1ubuntu0.24.04.3/changelog
