package,commit_sha,ubuntu_2404_version,ubuntu_2604_version,ubuntu_2404_apt_version_at_check,_apt_fetch_error,ubuntu_component,ubuntu_2404_patch_method,patch_marker_found,_marker_quality,_debian_query_attempted,debian_cve_statuses,cve_assigned,cve_ids,usn_published,usn_ids,ubuntu_2404_actually_patched,vuln_confirmed,severity,backport_feasibility,maintenance_gap_type,_review_flags,upstream_commit,upstream_2404_tag_url,ubuntu_changelog_changelogs_org,ubuntu_changelog_package_overview,first_cve_page,first_usn_page,upstream_issue_search,q1_upstream_commit,q2_upstream_source,q3_ubuntu_changelog
libarchive-dev,6f9adc5d5c1a3cf7737d52f40dc2f74500e7d55c,3.7.2-2,3.8.5-1ubuntu2,3.7.2-2ubuntu0.6,,main,none,False,post_fix_only,True,"{""_error"": ""non_json_response"", ""_content_type"": ""text/html; charset=UTF-8""}",False,[],False,[],False,True,MEDIUM,Trivial,Trigger_Gap,"[""MARKER_POST_FIX_ONLY""]",https://github.com/libarchive/libarchive/commit/6f9adc5d5c1a3cf7737d52f40dc2f74500e7d55c,https://github.com/libarchive/libarchive/tree/v3.7.2,https://changelogs.ubuntu.com/changelogs/pool/main/liba/libarchive/libarchive_3.7.2-2ubuntu0.6/changelog,https://launchpad.net/ubuntu/+source/libarchive/+changelog,,,https://github.com/libarchive/libarchive/issues?q=#2829,https://github.com/libarchive/libarchive/commit/6f9adc5d5c1a3cf7737d52f40dc2f74500e7d55c,https://github.com/libarchive/libarchive/blob/v3.7.2/libarchive/archive_write_set_format_shar.c,https://changelogs.ubuntu.com/changelogs/pool/main/liba/libarchive/libarchive_3.7.2-2ubuntu0.6/changelog
libarchive-dev,c8ea1e5da2a6ab54935aa5659a6eb569840a0704,3.7.2-2,3.8.5-1ubuntu2,3.7.2-2ubuntu0.6,,main,not_present,False,shared_context,True,"{""_error"": ""non_json_response"", ""_content_type"": ""text/html; charset=UTF-8""}",False,[],False,[],False,True,MEDIUM,Trivial,Trigger_Gap,[],https://github.com/libarchive/libarchive/commit/c8ea1e5da2a6ab54935aa5659a6eb569840a0704,https://github.com/libarchive/libarchive/tree/v3.7.2,https://changelogs.ubuntu.com/changelogs/pool/main/liba/libarchive/libarchive_3.7.2-2ubuntu0.6/changelog,https://launchpad.net/ubuntu/+source/libarchive/+changelog,,,https://github.com/libarchive/libarchive/issues?q=#2813,https://github.com/libarchive/libarchive/commit/c8ea1e5da2a6ab54935aa5659a6eb569840a0704,https://github.com/libarchive/libarchive/blob/v3.7.2/tar/write.c,https://changelogs.ubuntu.com/changelogs/pool/main/liba/libarchive/libarchive_3.7.2-2ubuntu0.6/changelog
libarchive-dev,82b57a9740aa6d084edcf4592a3b8e49f63dec98,3.7.2-2,3.8.5-1ubuntu2,3.7.2-2ubuntu0.6,,main,not_present,False,,True,"{""_error"": ""non_json_response"", ""_content_type"": ""text/html; charset=UTF-8""}",False,[],False,[],False,True,HIGH,Trivial,Trigger_Gap,[],https://github.com/libarchive/libarchive/commit/82b57a9740aa6d084edcf4592a3b8e49f63dec98,https://github.com/libarchive/libarchive/tree/v3.7.2,https://changelogs.ubuntu.com/changelogs/pool/main/liba/libarchive/libarchive_3.7.2-2ubuntu0.6/changelog,https://launchpad.net/ubuntu/+source/libarchive/+changelog,,,https://github.com/libarchive/libarchive/issues?q=#2768,https://github.com/libarchive/libarchive/commit/82b57a9740aa6d084edcf4592a3b8e49f63dec98,https://github.com/libarchive/libarchive/blob/v3.7.2/libarchive/archive_read_support_format_lha.c,https://changelogs.ubuntu.com/changelogs/pool/main/liba/libarchive/libarchive_3.7.2-2ubuntu0.6/changelog
libarchive-dev,ed84daf889902c472db860f44cdf506d956f1fb4,3.7.2-2,3.8.5-1ubuntu2,3.7.2-2ubuntu0.6,,main,quilt_patch,True,shared_context,True,"{""_error"": ""non_json_response"", ""_content_type"": ""text/html; charset=UTF-8""}",False,[],False,[],True,True,HIGH,Easy,Trigger_Gap,"[""CONFIDENCE_LOW: ubuntu_2404_actually_patched=true with no CVE and no USN — high risk of false positive (marker may match an unrelated patch context line). Manual review required.""]",https://github.com/libarchive/libarchive/commit/ed84daf889902c472db860f44cdf506d956f1fb4,https://github.com/libarchive/libarchive/tree/v3.7.2,https://changelogs.ubuntu.com/changelogs/pool/main/liba/libarchive/libarchive_3.7.2-2ubuntu0.6/changelog,https://launchpad.net/ubuntu/+source/libarchive/+changelog,,,https://github.com/libarchive/libarchive/issues?q=#2737,https://github.com/libarchive/libarchive/commit/ed84daf889902c472db860f44cdf506d956f1fb4,https://github.com/libarchive/libarchive/blob/v3.7.2/libarchive/archive_read_support_format_tar.c,https://changelogs.ubuntu.com/changelogs/pool/main/liba/libarchive/libarchive_3.7.2-2ubuntu0.6/changelog
libarchive-dev,94817fa277078aa04e9727ad747746f62efdf2da,3.7.2-2,3.8.5-1ubuntu2,3.7.2-2ubuntu0.6,,main,not_present,False,pre_fix_code,True,"{""_error"": ""non_json_response"", ""_content_type"": ""text/html; charset=UTF-8""}",False,[],False,[],False,True,LOW,Easy,Trigger_Gap,[],https://github.com/libarchive/libarchive/commit/94817fa277078aa04e9727ad747746f62efdf2da,https://github.com/libarchive/libarchive/tree/v3.7.2,https://changelogs.ubuntu.com/changelogs/pool/main/liba/libarchive/libarchive_3.7.2-2ubuntu0.6/changelog,https://launchpad.net/ubuntu/+source/libarchive/+changelog,,,https://github.com/libarchive/libarchive/issues?q=#2729,https://github.com/libarchive/libarchive/commit/94817fa277078aa04e9727ad747746f62efdf2da,https://github.com/libarchive/libarchive/blob/v3.7.2/libarchive/archive_write.c,https://changelogs.ubuntu.com/changelogs/pool/main/liba/libarchive/libarchive_3.7.2-2ubuntu0.6/changelog
libopenjp2-7,578c67b3291042377ab3aa82265a304d3fdfed4a,2.5.0-2build3,2.5.4-1,2.5.0-2ubuntu0.5,,main,none,False,post_fix_only,True,"{""_error"": ""non_json_response"", ""_content_type"": ""text/html; charset=UTF-8""}",False,[],False,[],False,True,MEDIUM,Trivial,Trigger_Gap,"[""MARKER_POST_FIX_ONLY""]",https://github.com/uclouvain/openjpeg/commit/578c67b3291042377ab3aa82265a304d3fdfed4a,https://github.com/uclouvain/openjpeg/tree/v2.5.0,https://changelogs.ubuntu.com/changelogs/pool/main/o/openjpeg2/openjpeg2_2.5.0-2ubuntu0.5/changelog,https://launchpad.net/ubuntu/+source/openjpeg2/+changelog,,,https://github.com/uclouvain/openjpeg/issues?q=Fixed,https://github.com/uclouvain/openjpeg/commit/578c67b3291042377ab3aa82265a304d3fdfed4a,https://github.com/uclouvain/openjpeg/blob/v2.5.0/src/lib/openjp2/jp2.c,https://changelogs.ubuntu.com/changelogs/pool/main/o/openjpeg2/openjpeg2_2.5.0-2ubuntu0.5/changelog
libopenjp2-7,98592ee6d6904f1b48e8207238779b89a63befa2,2.5.0-2build3,2.5.4-1,2.5.0-2ubuntu0.5,,main,quilt_patch,True,shared_context,True,"{""_error"": ""non_json_response"", ""_content_type"": ""text/html; charset=UTF-8""}",False,[],False,[],True,True,MEDIUM,Easy,Trigger_Gap,"[""CONFIDENCE_LOW: ubuntu_2404_actually_patched=true with no CVE and no USN — high risk of false positive (marker may match an unrelated patch context line). Manual review required.""]",https://github.com/uclouvain/openjpeg/commit/98592ee6d6904f1b48e8207238779b89a63befa2,https://github.com/uclouvain/openjpeg/tree/v2.5.0,https://changelogs.ubuntu.com/changelogs/pool/main/o/openjpeg2/openjpeg2_2.5.0-2ubuntu0.5/changelog,https://launchpad.net/ubuntu/+source/openjpeg2/+changelog,,,https://github.com/uclouvain/openjpeg/issues?q=sycc422_to_rgb,https://github.com/uclouvain/openjpeg/commit/98592ee6d6904f1b48e8207238779b89a63befa2,https://github.com/uclouvain/openjpeg/blob/v2.5.0/src/bin/common/color.c,https://changelogs.ubuntu.com/changelogs/pool/main/o/openjpeg2/openjpeg2_2.5.0-2ubuntu0.5/changelog
libopenjp2-7,f3b28c5ee417df9f23ca590b0e949d8a309408a0,2.5.0-2build3,2.5.4-1,2.5.0-2ubuntu0.5,,main,not_present,False,pre_fix_code,True,"{""_error"": ""non_json_response"", ""_content_type"": ""text/html; charset=UTF-8""}",False,[],False,[],False,True,HIGH,Easy,Trigger_Gap,[],https://github.com/uclouvain/openjpeg/commit/f3b28c5ee417df9f23ca590b0e949d8a309408a0,https://github.com/uclouvain/openjpeg/tree/v2.5.0,https://changelogs.ubuntu.com/changelogs/pool/main/o/openjpeg2/openjpeg2_2.5.0-2ubuntu0.5/changelog,https://launchpad.net/ubuntu/+source/openjpeg2/+changelog,,,https://github.com/uclouvain/openjpeg/issues?q=Avoid,https://github.com/uclouvain/openjpeg/commit/f3b28c5ee417df9f23ca590b0e949d8a309408a0,https://github.com/uclouvain/openjpeg/blob/v2.5.0/src/lib/openjp2/t1.c,https://changelogs.ubuntu.com/changelogs/pool/main/o/openjpeg2/openjpeg2_2.5.0-2ubuntu0.5/changelog
libopenjp2-7,dea92eea8b6ab55f7eb542ea229b2c2124aa2124,2.5.0-2build3,2.5.4-1,2.5.0-2ubuntu0.5,,main,none,False,post_fix_only,True,"{""_error"": ""non_json_response"", ""_content_type"": ""text/html; charset=UTF-8""}",False,[],False,[],False,True,HIGH,Trivial,Trigger_Gap,"[""MARKER_POST_FIX_ONLY""]",https://github.com/uclouvain/openjpeg/commit/dea92eea8b6ab55f7eb542ea229b2c2124aa2124,https://github.com/uclouvain/openjpeg/tree/v2.5.0,https://changelogs.ubuntu.com/changelogs/pool/main/o/openjpeg2/openjpeg2_2.5.0-2ubuntu0.5/changelog,https://launchpad.net/ubuntu/+source/openjpeg2/+changelog,,,https://github.com/uclouvain/openjpeg/issues?q=opj_j2k_read_sod,https://github.com/uclouvain/openjpeg/commit/dea92eea8b6ab55f7eb542ea229b2c2124aa2124,https://github.com/uclouvain/openjpeg/blob/v2.5.0/src/lib/openjp2/j2k.c,https://changelogs.ubuntu.com/changelogs/pool/main/o/openjpeg2/openjpeg2_2.5.0-2ubuntu0.5/changelog
libopenjp2-7,2c0823cb30a70319c704565b59f496e490a3c7f9,2.5.0-2build3,2.5.4-1,2.5.0-2ubuntu0.5,,main,none,False,post_fix_only,True,"{""_error"": ""non_json_response"", ""_content_type"": ""text/html; charset=UTF-8""}",False,[],False,[],False,True,HIGH,Trivial,Trigger_Gap,"[""MARKER_POST_FIX_ONLY""]",https://github.com/uclouvain/openjpeg/commit/2c0823cb30a70319c704565b59f496e490a3c7f9,https://github.com/uclouvain/openjpeg/tree/v2.5.0,https://changelogs.ubuntu.com/changelogs/pool/main/o/openjpeg2/openjpeg2_2.5.0-2ubuntu0.5/changelog,https://launchpad.net/ubuntu/+source/openjpeg2/+changelog,,,https://github.com/uclouvain/openjpeg/issues?q=Integer,https://github.com/uclouvain/openjpeg/commit/2c0823cb30a70319c704565b59f496e490a3c7f9,https://github.com/uclouvain/openjpeg/blob/v2.5.0/src/lib/openjp2/j2k.c,https://changelogs.ubuntu.com/changelogs/pool/main/o/openjpeg2/openjpeg2_2.5.0-2ubuntu0.5/changelog
libpoppler-dev,5f68ea46394743566f04e5be58d828831b178f30,24.02.0-1ubuntu9,26.01.0-2build2,24.02.0-1ubuntu9.8,,main,not_present,False,pre_fix_code,True,"{""_error"": ""non_json_response"", ""_content_type"": ""text/html; charset=UTF-8""}",False,[],False,[],False,True,HIGH,Moderate,Trigger_Gap,[],https://gitlab.freedesktop.org/poppler/poppler/-/commit/5f68ea46394743566f04e5be58d828831b178f30,https://gitlab.freedesktop.org/poppler/poppler/-/tree/poppler-24.02.0,https://changelogs.ubuntu.com/changelogs/pool/main/p/poppler/poppler_24.02.0-1ubuntu9.8/changelog,https://launchpad.net/ubuntu/+source/poppler/+changelog,,,https://gitlab.freedesktop.org/poppler/poppler/-/issues/?search=Remove,https://gitlab.freedesktop.org/poppler/poppler/-/commit/5f68ea46394743566f04e5be58d828831b178f30,https://gitlab.freedesktop.org/poppler/poppler/-/blob/v24.02.0/poppler/PSOutputDev.cc,https://changelogs.ubuntu.com/changelogs/pool/main/p/poppler/poppler_24.02.0-1ubuntu9.8/changelog
libpoppler-dev,7aa99cf8fe6693e6a7a52adc09fcae613cd04e0d,24.02.0-1ubuntu9,26.01.0-2build2,24.02.0-1ubuntu9.8,,main,not_present,False,shared_context,True,"{""_error"": ""non_json_response"", ""_content_type"": ""text/html; charset=UTF-8""}",False,[],False,[],False,True,MEDIUM,Easy,Trigger_Gap,[],https://gitlab.freedesktop.org/poppler/poppler/-/commit/7aa99cf8fe6693e6a7a52adc09fcae613cd04e0d,https://gitlab.freedesktop.org/poppler/poppler/-/tree/poppler-24.02.0,https://changelogs.ubuntu.com/changelogs/pool/main/p/poppler/poppler_24.02.0-1ubuntu9.8/changelog,https://launchpad.net/ubuntu/+source/poppler/+changelog,,,https://gitlab.freedesktop.org/poppler/poppler/-/issues/?search=Don't,https://gitlab.freedesktop.org/poppler/poppler/-/commit/7aa99cf8fe6693e6a7a52adc09fcae613cd04e0d,https://gitlab.freedesktop.org/poppler/poppler/-/blob/v24.02.0/poppler/StructElement.cc,https://changelogs.ubuntu.com/changelogs/pool/main/p/poppler/poppler_24.02.0-1ubuntu9.8/changelog
libpoppler-dev,211c5663b6aa02ad0d40f2baad3e3096b8dec875,24.02.0-1ubuntu9,26.01.0-2build2,24.02.0-1ubuntu9.8,,main,not_present,False,pre_fix_code,True,"{""_error"": ""non_json_response"", ""_content_type"": ""text/html; charset=UTF-8""}",False,[],False,[],False,True,MEDIUM,Trivial,Trigger_Gap,[],https://gitlab.freedesktop.org/poppler/poppler/-/commit/211c5663b6aa02ad0d40f2baad3e3096b8dec875,https://gitlab.freedesktop.org/poppler/poppler/-/tree/poppler-24.02.0,https://changelogs.ubuntu.com/changelogs/pool/main/p/poppler/poppler_24.02.0-1ubuntu9.8/changelog,https://launchpad.net/ubuntu/+source/poppler/+changelog,,,https://gitlab.freedesktop.org/poppler/poppler/-/issues/?search=important,https://gitlab.freedesktop.org/poppler/poppler/-/commit/211c5663b6aa02ad0d40f2baad3e3096b8dec875,https://gitlab.freedesktop.org/poppler/poppler/-/blob/v24.02.0/goo/GooString.cc,https://changelogs.ubuntu.com/changelogs/pool/main/p/poppler/poppler_24.02.0-1ubuntu9.8/changelog
libpoppler-dev,ca1e7c8103b805f32a2db1a378c55fbd9b6afb85,24.02.0-1ubuntu9,26.01.0-2build2,24.02.0-1ubuntu9.8,,main,none,False,post_fix_only,True,"{""_error"": ""non_json_response"", ""_content_type"": ""text/html; charset=UTF-8""}",False,[],False,[],False,True,HIGH,Trivial,Trigger_Gap,"[""MARKER_POST_FIX_ONLY""]",https://gitlab.freedesktop.org/poppler/poppler/-/commit/ca1e7c8103b805f32a2db1a378c55fbd9b6afb85,https://gitlab.freedesktop.org/poppler/poppler/-/tree/poppler-24.02.0,https://changelogs.ubuntu.com/changelogs/pool/main/p/poppler/poppler_24.02.0-1ubuntu9.8/changelog,https://launchpad.net/ubuntu/+source/poppler/+changelog,,,https://gitlab.freedesktop.org/poppler/poppler/-/issues/?search=JBIG2Stream::readTextRegion,https://gitlab.freedesktop.org/poppler/poppler/-/commit/ca1e7c8103b805f32a2db1a378c55fbd9b6afb85,https://gitlab.freedesktop.org/poppler/poppler/-/blob/v24.02.0/poppler/JBIG2Stream.cc,https://changelogs.ubuntu.com/changelogs/pool/main/p/poppler/poppler_24.02.0-1ubuntu9.8/changelog
libxml2,4982ee83f91ed598de793b280c8990646726c440,2.9.14+dfsg-1.3ubuntu3,2.15.2+dfsg-0.1,2.9.14+dfsg-1.3ubuntu3.7,,main,not_present,False,shared_context,True,"{""_error"": ""non_json_response"", ""_content_type"": ""text/html; charset=UTF-8""}",False,[],False,[],False,True,HIGH,Easy,Trigger_Gap,[],https://gitlab.gnome.org/GNOME/libxml2/-/commit/4982ee83f91ed598de793b280c8990646726c440,https://gitlab.gnome.org/GNOME/libxml2/-/tree/v2.9.14,https://changelogs.ubuntu.com/changelogs/pool/main/libx/libxml2/libxml2_2.9.14+dfsg-1.3ubuntu3.7/changelog,https://launchpad.net/ubuntu/+source/libxml2/+changelog,,,https://gitlab.gnome.org/GNOME/libxml2/-/issues/?search=catalog,https://gitlab.gnome.org/GNOME/libxml2/-/commit/4982ee83f91ed598de793b280c8990646726c440,https://gitlab.gnome.org/GNOME/libxml2/-/blob/v2.9.14/catalog.c,https://changelogs.ubuntu.com/changelogs/pool/main/libx/libxml2/libxml2_2.9.14+dfsg-1.3ubuntu3.7/changelog
libxml2,f0e757a2a4e9e4da6ad522d7a389b7a06db8e9d0,2.9.14+dfsg-1.3ubuntu3,2.15.2+dfsg-0.1,2.9.14+dfsg-1.3ubuntu3.7,,main,none,False,post_fix_only,True,"{""_error"": ""non_json_response"", ""_content_type"": ""text/html; charset=UTF-8""}",False,[],False,[],False,True,HIGH,Trivial,Trigger_Gap,"[""MARKER_POST_FIX_ONLY""]",https://gitlab.gnome.org/GNOME/libxml2/-/commit/f0e757a2a4e9e4da6ad522d7a389b7a06db8e9d0,https://gitlab.gnome.org/GNOME/libxml2/-/tree/v2.9.14,https://changelogs.ubuntu.com/changelogs/pool/main/libx/libxml2/libxml2_2.9.14+dfsg-1.3ubuntu3.7/changelog,https://launchpad.net/ubuntu/+source/libxml2/+changelog,,,https://gitlab.gnome.org/GNOME/libxml2/-/issues/?search=signed,https://gitlab.gnome.org/GNOME/libxml2/-/commit/f0e757a2a4e9e4da6ad522d7a389b7a06db8e9d0,https://gitlab.gnome.org/GNOME/libxml2/-/blob/v2.9.14/uri.c,https://changelogs.ubuntu.com/changelogs/pool/main/libx/libxml2/libxml2_2.9.14+dfsg-1.3ubuntu3.7/changelog
libxml2,df2ba65f661addfba50bdb7f280d594781249dfc,2.9.14+dfsg-1.3ubuntu3,2.15.2+dfsg-0.1,2.9.14+dfsg-1.3ubuntu3.7,,main,not_present,False,pre_fix_code,True,"{""_error"": ""non_json_response"", ""_content_type"": ""text/html; charset=UTF-8""}",False,[],False,[],False,True,HIGH,Trivial,Trigger_Gap,[],https://gitlab.gnome.org/GNOME/libxml2/-/commit/df2ba65f661addfba50bdb7f280d594781249dfc,https://gitlab.gnome.org/GNOME/libxml2/-/tree/v2.9.14,https://changelogs.ubuntu.com/changelogs/pool/main/libx/libxml2/libxml2_2.9.14+dfsg-1.3ubuntu3.7/changelog,https://launchpad.net/ubuntu/+source/libxml2/+changelog,,,https://gitlab.gnome.org/GNOME/libxml2/-/issues/?search=duplicating,https://gitlab.gnome.org/GNOME/libxml2/-/commit/df2ba65f661addfba50bdb7f280d594781249dfc,https://gitlab.gnome.org/GNOME/libxml2/-/blob/v2.9.14/relaxng.c,https://changelogs.ubuntu.com/changelogs/pool/main/libx/libxml2/libxml2_2.9.14+dfsg-1.3ubuntu3.7/changelog
libxml2,66c52b3ac6c32ab112ec2a3bf41e6c30948be113,2.9.14+dfsg-1.3ubuntu3,2.15.2+dfsg-0.1,2.9.14+dfsg-1.3ubuntu3.7,,main,not_present,False,shared_context,True,"{""_error"": ""non_json_response"", ""_content_type"": ""text/html; charset=UTF-8""}",False,[],False,[],False,True,HIGH,Moderate,Trigger_Gap,[],https://gitlab.gnome.org/GNOME/libxml2/-/commit/66c52b3ac6c32ab112ec2a3bf41e6c30948be113,https://gitlab.gnome.org/GNOME/libxml2/-/tree/v2.9.14,https://changelogs.ubuntu.com/changelogs/pool/main/libx/libxml2/libxml2_2.9.14+dfsg-1.3ubuntu3.7/changelog,https://launchpad.net/ubuntu/+source/libxml2/+changelog,,,https://gitlab.gnome.org/GNOME/libxml2/-/issues/?search=RelaxNG,https://gitlab.gnome.org/GNOME/libxml2/-/commit/66c52b3ac6c32ab112ec2a3bf41e6c30948be113,https://gitlab.gnome.org/GNOME/libxml2/-/blob/v2.9.14/include/libxml/relaxng.h,https://changelogs.ubuntu.com/changelogs/pool/main/libx/libxml2/libxml2_2.9.14+dfsg-1.3ubuntu3.7/changelog
libxml2,c2d310649edd05260e38a636d4aa9346c04ffc30,2.9.14+dfsg-1.3ubuntu3,2.15.2+dfsg-0.1,2.9.14+dfsg-1.3ubuntu3.7,,main,none,False,post_fix_only,True,"{""_error"": ""non_json_response"", ""_content_type"": ""text/html; charset=UTF-8""}",False,[],False,[],False,True,MEDIUM,Trivial,Trigger_Gap,"[""MARKER_POST_FIX_ONLY""]",https://gitlab.gnome.org/GNOME/libxml2/-/commit/c2d310649edd05260e38a636d4aa9346c04ffc30,https://gitlab.gnome.org/GNOME/libxml2/-/tree/v2.9.14,https://changelogs.ubuntu.com/changelogs/pool/main/libx/libxml2/libxml2_2.9.14+dfsg-1.3ubuntu3.7/changelog,https://launchpad.net/ubuntu/+source/libxml2/+changelog,,,https://gitlab.gnome.org/GNOME/libxml2/-/issues/?search=writer,https://gitlab.gnome.org/GNOME/libxml2/-/commit/c2d310649edd05260e38a636d4aa9346c04ffc30,https://gitlab.gnome.org/GNOME/libxml2/-/blob/v2.9.14/xmlwriter.c,https://changelogs.ubuntu.com/changelogs/pool/main/libx/libxml2/libxml2_2.9.14+dfsg-1.3ubuntu3.7/changelog
libxml2,4982ee83f91ed598de793b280c8990646726c440,2.9.14+dfsg-1.3ubuntu3,2.15.2+dfsg-0.1,2.9.14+dfsg-1.3ubuntu3.7,,main,not_present,False,shared_context,True,"{""_error"": ""non_json_response"", ""_content_type"": ""text/html; charset=UTF-8""}",False,[],False,[],False,True,HIGH,Easy,Trigger_Gap,[],https://gitlab.gnome.org/GNOME/libxml2/-/commit/4982ee83f91ed598de793b280c8990646726c440,https://gitlab.gnome.org/GNOME/libxml2/-/tree/v2.9.14,https://changelogs.ubuntu.com/changelogs/pool/main/libx/libxml2/libxml2_2.9.14+dfsg-1.3ubuntu3.7/changelog,https://launchpad.net/ubuntu/+source/libxml2/+changelog,,,https://gitlab.gnome.org/GNOME/libxml2/-/issues/?search=catalog,https://gitlab.gnome.org/GNOME/libxml2/-/commit/4982ee83f91ed598de793b280c8990646726c440,https://gitlab.gnome.org/GNOME/libxml2/-/blob/v2.9.14/catalog.c,https://changelogs.ubuntu.com/changelogs/pool/main/libx/libxml2/libxml2_2.9.14+dfsg-1.3ubuntu3.7/changelog
libxml2,f0e757a2a4e9e4da6ad522d7a389b7a06db8e9d0,2.9.14+dfsg-1.3ubuntu3,2.15.2+dfsg-0.1,2.9.14+dfsg-1.3ubuntu3.7,,main,none,False,post_fix_only,True,"{""_error"": ""non_json_response"", ""_content_type"": ""text/html; charset=UTF-8""}",False,[],False,[],False,True,HIGH,Easy,Trigger_Gap,"[""MARKER_POST_FIX_ONLY""]",https://gitlab.gnome.org/GNOME/libxml2/-/commit/f0e757a2a4e9e4da6ad522d7a389b7a06db8e9d0,https://gitlab.gnome.org/GNOME/libxml2/-/tree/v2.9.14,https://changelogs.ubuntu.com/changelogs/pool/main/libx/libxml2/libxml2_2.9.14+dfsg-1.3ubuntu3.7/changelog,https://launchpad.net/ubuntu/+source/libxml2/+changelog,,,https://gitlab.gnome.org/GNOME/libxml2/-/issues/?search=signed,https://gitlab.gnome.org/GNOME/libxml2/-/commit/f0e757a2a4e9e4da6ad522d7a389b7a06db8e9d0,https://gitlab.gnome.org/GNOME/libxml2/-/blob/v2.9.14/uri.c,https://changelogs.ubuntu.com/changelogs/pool/main/libx/libxml2/libxml2_2.9.14+dfsg-1.3ubuntu3.7/changelog
libxml2,df2ba65f661addfba50bdb7f280d594781249dfc,2.9.14+dfsg-1.3ubuntu3,2.15.2+dfsg-0.1,2.9.14+dfsg-1.3ubuntu3.7,,main,not_present,False,pre_fix_code,True,"{""_error"": ""non_json_response"", ""_content_type"": ""text/html; charset=UTF-8""}",False,[],False,[],False,True,HIGH,Easy,Trigger_Gap,[],https://gitlab.gnome.org/GNOME/libxml2/-/commit/df2ba65f661addfba50bdb7f280d594781249dfc,https://gitlab.gnome.org/GNOME/libxml2/-/tree/v2.9.14,https://changelogs.ubuntu.com/changelogs/pool/main/libx/libxml2/libxml2_2.9.14+dfsg-1.3ubuntu3.7/changelog,https://launchpad.net/ubuntu/+source/libxml2/+changelog,,,https://gitlab.gnome.org/GNOME/libxml2/-/issues/?search=duplicating,https://gitlab.gnome.org/GNOME/libxml2/-/commit/df2ba65f661addfba50bdb7f280d594781249dfc,https://gitlab.gnome.org/GNOME/libxml2/-/blob/v2.9.14/relaxng.c,https://changelogs.ubuntu.com/changelogs/pool/main/libx/libxml2/libxml2_2.9.14+dfsg-1.3ubuntu3.7/changelog
libxml2,66c52b3ac6c32ab112ec2a3bf41e6c30948be113,2.9.14+dfsg-1.3ubuntu3,2.15.2+dfsg-0.1,2.9.14+dfsg-1.3ubuntu3.7,,main,not_present,False,shared_context,True,"{""_error"": ""non_json_response"", ""_content_type"": ""text/html; charset=UTF-8""}",False,[],False,[],False,True,HIGH,Moderate,Trigger_Gap,[],https://gitlab.gnome.org/GNOME/libxml2/-/commit/66c52b3ac6c32ab112ec2a3bf41e6c30948be113,https://gitlab.gnome.org/GNOME/libxml2/-/tree/v2.9.14,https://changelogs.ubuntu.com/changelogs/pool/main/libx/libxml2/libxml2_2.9.14+dfsg-1.3ubuntu3.7/changelog,https://launchpad.net/ubuntu/+source/libxml2/+changelog,,,https://gitlab.gnome.org/GNOME/libxml2/-/issues/?search=RelaxNG,https://gitlab.gnome.org/GNOME/libxml2/-/commit/66c52b3ac6c32ab112ec2a3bf41e6c30948be113,https://gitlab.gnome.org/GNOME/libxml2/-/blob/v2.9.14/include/libxml/relaxng.h,https://changelogs.ubuntu.com/changelogs/pool/main/libx/libxml2/libxml2_2.9.14+dfsg-1.3ubuntu3.7/changelog
libxml2,c2d310649edd05260e38a636d4aa9346c04ffc30,2.9.14+dfsg-1.3ubuntu3,2.15.2+dfsg-0.1,2.9.14+dfsg-1.3ubuntu3.7,,main,none,False,post_fix_only,True,"{""_error"": ""non_json_response"", ""_content_type"": ""text/html; charset=UTF-8""}",False,[],False,[],False,True,MEDIUM,Trivial,Trigger_Gap,"[""MARKER_POST_FIX_ONLY""]",https://gitlab.gnome.org/GNOME/libxml2/-/commit/c2d310649edd05260e38a636d4aa9346c04ffc30,https://gitlab.gnome.org/GNOME/libxml2/-/tree/v2.9.14,https://changelogs.ubuntu.com/changelogs/pool/main/libx/libxml2/libxml2_2.9.14+dfsg-1.3ubuntu3.7/changelog,https://launchpad.net/ubuntu/+source/libxml2/+changelog,,,https://gitlab.gnome.org/GNOME/libxml2/-/issues/?search=writer,https://gitlab.gnome.org/GNOME/libxml2/-/commit/c2d310649edd05260e38a636d4aa9346c04ffc30,https://gitlab.gnome.org/GNOME/libxml2/-/blob/v2.9.14/xmlwriter.c,https://changelogs.ubuntu.com/changelogs/pool/main/libx/libxml2/libxml2_2.9.14+dfsg-1.3ubuntu3.7/changelog
